{
  "seq_num": [
    1,
    2,
    3,
    4,
    5
  ],
  "time": [
    1762787606.459906,
    1762787609.4694269,
    1762787612.4223065,
    1762787615.400967,
    1762787618.4348016
  ],
  "stage-x": [
    0,
    2.5,
    5,
    7.5,
    10
  ],
  "ts_stage-x": [
    631152000,
    1762787609.198412,
    1762787612.10868,
    1762787615.118978,
    1762787618.129375
  ]
}
